selftext,source,region,language
131,dcinside_aion2,국내,en
xx,dcinside_aion2,국내,en
PTSD,dcinside_lostarkm,국내,en
5090,dcinside_lostarkm,국내,en
S25U 16G,dcinside_lostarkm,국내,en
lostark user die,dcinside_lostarkm,국내,en
share,dcinside_lostarkm,국내,en
no sound,dcinside_lostarkm,국내,en
??,inven_lostarkmobile,국내,en
.,inven_lostarkmobile,국내,en
\#FlyHigh #GoneTooSoon,reddit_MMORPG,해외,en
PLEASE RELEASE THIS IN EUROPE TOO!!!!!! ❤❤❤❤❤❤,youtube,국내,en
global when?,youtube,국내,en
"Too much grinding. Another failed KR game like Throne and Liberty. I played more than 50 hours on Taiwan server. The game expected you to grind same expedition, dungeons, raids daily for 100 of times... It's stupid and so boring. Learn from WOW game.",youtube,국내,en
global release now! 🫡,youtube,국내,en
2nd Half Next Year,youtube,국내,en
PAYON2 😂,youtube,국내,en
Global please! 😭,youtube,국내,en
"EVERY game NCSoft made had the same problems, but they don't even try to fix those😂",youtube,국내,en
Jajajajaj😂😂😂😂😂,youtube,국내,en
Помойный релиз,youtube,국내,ru
Heavy p2w game this will not last in NA/EU. These korean devs are really hungry for money lol. Ncsoft just killed the game they created :D,youtube,국내,en
Do not believe  nc soft games they always tricked  us and p2w and that's  not a game just humiliating  of other funny games,youtube,국내,en
My account in Aion 2 was improperly blocked because I supposedly used third-party programs but I just held left mouse button and your company believes that it was macros. Shame on your company for not having any soft detecting real cheaters and blocking honest people!!!,youtube,국내,en
"О сыны двух отцов и дальше рекламируют свой продукт, но забили на остальные и только за вчера было подано более 20тысяч заявок на удаление аккаунтов из-за неадекватных действий службы поддержки. Эта компания лояльна только когда им платят, а ответсвенность за свои косяки брать не хотят. Массово бойкотируйте, они недобросоветные издатели. Даже есть предпосылки об торговле аккаунтами их ""партнеров"" в виде 4ГЕЙм.",youtube,국내,ru
"I'll wait one fucking year to play globally, since NC doesn't want me playing there. Hopefully, I'll lose any desire to play it when the time comes.",youtube,국내,en
One fucking year to be launched globally. 👍,youtube,국내,en
PVP CONTENT IS DEAD BECAUSE OF YOUR NEW UPATE PVP FALG ON/OFF SYSTEM LOL!,youtube,국내,en
永恒之塔2魔族一区卡了不解决吗，今天刚更新还是卡，你们官方看不到吗，上游戏看看。快出退款通道，卡了几天都玩不了,youtube,국내,zh-cn
"abyss points cap, pvp on/off, they are doing everything to make it a bad mobile game full of limitations and boredom.",youtube,국내,en
This game sucks. NC you are a bunch of greedy people. You care nothing about the progress of the game. It will be a great day to see NC go bankrupt.,youtube,국내,en
这游戏走一步卡一步，华人玩家没入坑的还是不要入坑了，官方不作为，魔族一区早上都卡，也不维护解决,youtube,국내,zh-cn
"ok the thing is i dont want to play anymore, as there's workshop massup this game, and NC just DONT CARE",youtube,국내,en
PLease fix you damn server,youtube,국내,en
When comes out on EUROPE,youtube,국내,en
Split the game into a mobile version and a PC version!!!!!!!!!,youtube,국내,en
"с такой скотской политикой к моему ру региону где все недоступно в purple, вы вместо донатящего игрока айона и фэна вашей компании получили хейтера. удачи в продажей китайцам в ближайшие годы",youtube,국내,ru
"Feedback on CBT-1 Aion2: (typically for my favorite class: Elementalist/Spirit Master)
1. Graphics are awesome
2. Gameplay are cool
3. Summons Spirit and the Summoners skills are cool

But,
4. The summoners/main character can't perform any attacks or skills freely until there's an enemy or enemies nearby/targeted
5. The Spirit summons can't attack automatically (not really smart) until the summoner/main character perfoms an attack
6. The Spirit summons are weak, perhaps there're some upgradeable leveling-up

The rest is ok for now. Maybe the other classes combat system also the same as mine. If these suggestions above can be revamped before released then the gameplay will be more attractives and addictives in the future to explore the open-world mmorpg genre. Keep-up the good works. Significantly reduce for phone-user battery savings from overheated. I'm a dedicated mobile player and thank you... ❤️🙏 (Feedback 1st CBT)",youtube,국내,en
"The worst bad launch game i ever see , 90% of player are still stuck with the number phone verification. shame on u no comunication.. and u expect sell u membership p2w , skin ect when there is no support to help us ? Scammer",youtube,국내,en
where did you hide that new map that was supposed to be 32 times bigger?,youtube,국내,en
it's look like dog meat.,youtube,국내,en
"this is so crap game, better not",youtube,국내,en
"Where can i insert the otp code to enter on Aion 2? 
Can't remove all the security options on nc account too :/",youtube,국내,en
LANÇA EM TAIWAN E NÃO LANÇA  NO BRASIL EMPRESA LIXO 🚮,youtube,국내,pt
"Dear Koreans, please tell me about the launch of at least one major game in the world that went off without a hitch.
If a game had no problems, it means no one came to play it.",youtube,국내,en
@user-g1ln7b are you sure? you work there?,youtube,국내,en
Fix your Servers !!! No login possible,youtube,국내,en
"30 минут пытаюсь войти в игру...
Как будто NC новая молодая компания, которая не может предугадать риски",youtube,국내,ru
ok,youtube,국내,en
"близзард тоже не смогли на запусках своих проектов?))
правде в глаза смотрите, невозможен запуск без проблем.",youtube,국내,ru
"Yes, the company is also taking into account this, and blizzard is completely far away from the developers and has reached a dead end, like other games since undecember, attempts have already been made to make games not in the style of action, but in the style of an mmorpg with an isometric view. Too many action games have become in games",youtube,국내,en
17 سنه ☠️,youtube,국내,fa
When will the game is ready for global user?,youtube,국내,en
5 days left guys!,youtube,국내,en
global,youtube,국내,en
"I know you need the money NC, but remember that the moment players gain advantage from spending money, that your game will die.",youtube,국내,en
GLOBAL RELEASE 2025 WHY CANT YOU RELEASE AT THE SAME TIME WITH SAME PATCH LIKE FF14,youtube,국내,en
Is there any direct channel to the game team? Devs or someone similar?,youtube,국내,en
"I wish to plead for NCSoft for a little more respect to the global fanbase.
I don't even live in a country where English is the native language (and I recognize the privilege of knowing English and a bit of Spanish, which lets me enjoy almost 100% of the games that get released). I just wanted to be able to understand what's written on the website without having to use a translator that always messes everything up when trying to translate any Eastern ideogram. NCSoft  should have made this global from the start. Aion has fans all over the world. It's not fair.",youtube,국내,en
WHERE'S THE GLOBAL SITE IN ENGLISH???? 😭😭😭😭,youtube,국내,en
pls make a global release soon :( qe need it,youtube,국내,en
Y'all aren't going to make an impact in the global market at all with this monetization. There are free and paid games out there without all all these subscriptions etc that do very well. Where Winds Meet is a free game that only has the 2 battle passes like normal and NO subscription or P2W or Pay for convenience. Y'all gonna have to redo this for global market or it'll just fail. Havent you guys seen that this type of aggressive monetization doesn't work in America? Why keep doing it,youtube,국내,en
"For global sorcerers, consider that our class was showcased with lv12 skills, others was lv20",youtube,국내,en
This is just the same stream you showed the other day,youtube,국내,en
Do you need a korean phone number to register like other games or is it playable with VPN?,youtube,국내,en
Definitely go on a private server that has Aion 3.0 server or 4.0 server,youtube,국내,en
Where global?,youtube,국내,en
Maybe EU and NA,youtube,국내,en
Все анимации из л2м,youtube,국내,ru
mmorpgs are not that popular anymore + no global release yet,youtube,국내,en
Fail in the making! PVE MORE 😞,youtube,국내,en
October 2026,youtube,국내,en
2026 4/4 soon,youtube,국내,en
"@uravghuman Damn almost a year... I can't accept that, I have to play now!",youtube,국내,en
"@markpetrochenko8402 It's not factual tho, just my/the community's best guess based on the usual delay from NCsoft games.",youtube,국내,en
@uravghuman I think it might be a end of the Spring or a begining of Summer,youtube,국내,en
2026 3~4 quater,youtube,국내,en
"Let’s go Ncsoft! Bring back the magic that Aion gave us in the beginning. Show everyone who never played Aion how amazing this game is.
I know Aion 2 will be different from the first one, but that doesn’t mean it will be bad. You have the potential to create something incredible, just like you did once before.",youtube,국내,en
"Please, protect Aion initial history.",youtube,국내,en
"Please, we need the global server up as soon as possible! Children are crying!!! 😢😢😢😢😢",youtube,국내,en
"Waiting hard on west release!! ❤ Played 6 years on Aion 1, can’t wait to come back! Looks promising, dont break our ❤",youtube,국내,en
if they get the subscrition $15 and under,youtube,국내,en
looks way worse than the gameplay what we saw until now. should be the opposite xd,youtube,국내,en
maybe next year -  year end? hahahah   i'm korean!!!!!!!!!!!!!!!!!!!!!!! hahahahahahahah   lol,youtube,국내,en
"Oh no, they will add gunner and pilot here too 😢😢😢",youtube,국내,en
global is set for second half of 2026,youtube,국내,en
GLOBAL BRAZIL 😍,youtube,국내,en
"Le di como 15 años de mi vida a este juego, realmente increible.",youtube,국내,es
They said 2070 runs max stat,youtube,국내,en
Ya quiero ver el global para cuando será.,youtube,국내,es
they need to chill with the monthly 50 bucks stuff,youtube,국내,en
So when we can play this?,youtube,국내,en
"The game is definitely beautiful, but guys, please, fix de ""ice skating"" of the characters when moving. Movement in TL is so smooth, I don't understand why a game that comes after from the same Company is worse in this aspect.",youtube,국내,en
"Advanced Technology in a fantasy world is pretty cool, lets go.",youtube,국내,en
Will this mmorpg dethrone throne and liberty? 🤔,youtube,국내,en
Can't wait to play the story 💜,youtube,국내,en
Global when ? Hope aion 2 wont be like hard p2w aion 1,youtube,국내,en
Погнали(но не мы),youtube,국내,ru
Auctionhouse behind paywall=bullshit,youtube,국내,en
Can't wait to sell my kidney just to be able to afford playing this game...,youtube,국내,en
"comentario en español que de seguro busca, se ve bueno, pero preparen su tarjeta (no de video) para jugarlo xd",youtube,국내,es
"it's that hard to make games as before? I mean, those times were games by gamers. Now it looks like games for whales by greedy ppl",youtube,국내,en
cuanto para el global lptm,youtube,국내,en
great 😎,youtube,국내,en
"PLEASE, we need the global release ASAP. You guys are losing money by not releasing it here",youtube,국내,en
"Any news about pre-download for the mobile version? Actually, there's very little information for mobile... and see if you can release this global version in the first half of the year...I really wanted to understand why the delay, a sincere question.",youtube,국내,en
You can play for free without using the exchange.,youtube,국내,en
2027 global,youtube,국내,en
Trailer hmm,youtube,국내,en
"If skills looks horrible and fighting, no point to play this",youtube,국내,en
Global release fast pls :(,youtube,국내,en
1:12 that sounded Russian at first 😅,youtube,국내,en
Flying scifi airplanes?!!! This is not Aion: (,youtube,국내,en
"Ffs, no spaceships, no motorbikes, no schooluniforms, etc. Wtf, man.",youtube,국내,en
So what happened to the Balaur in aion? and are Elyos and Asmodians still a thing?,youtube,국내,en
هل جسدكم مستعد لمغامره ايون ٢؟,youtube,국내,ar
Same,youtube,국내,en
"lol i have Final Fantasy vibe, like a old FF games......very very waiting A2",youtube,국내,en
sortez le jeu rapidement en europe svp :),youtube,국내,en
Polearm when,youtube,국내,en
"I still play throne and I don't like to see games fall. But I would say so unfortunately. 
The combat has such similar feeling that I'd say they used a log of resources from throne there. Or atleast the concepts and probably improved what was lacking. 
We will see then, but it's the ideia I have. And unfortunately throne is struggling with player count",youtube,국내,en
Need gloval relise all ppl wait it,youtube,국내,en
Dinguerie,youtube,국내,en
A comunidade da América Latina precisa se unir e lutar para conseguir um servidor no SA. O jogo promete ser um dos melhores MMORPGs.,youtube,국내,pt
I'm going to cry as soon as I start playing — it looks absolutely incredible... totally like a movie. Such a beauty for the eyes 🥺💖,youtube,국내,en
"You're not looking at this right, look at these awful graphics for 2025, smartphone graphics. If they release this crap like this, it'll be another game that won't surpass Black Desert. I hope the game is as bad as the video shows.",youtube,국내,en
"What a shame! It seems we're going to have another game that won't be able to surpass Black Desert. It's impossible for that to happen again in 2025. That's not going to happen! It can't be! I can't stand Black Desert anymore, help!!!",youtube,국내,en
Battlepass 2,youtube,국내,en
THIS IS NOT AION....,youtube,국내,en
"They stated even lower spec, but for comfort only real tests can tell.",youtube,국내,en
GREND OPENN! -6,youtube,국내,en
"Мы теперь в резервации, вряд ли к нам вообще хоть что-нибудь доедет.",youtube,국내,ru
Brawler class please release very fast,youtube,국내,en
"In the Aion universe there have always been elements of technology: ancient mechanisms, flying ships, gunners and robots.",youtube,국내,en
Play on Taiwan server like everyone else,youtube,국내,en
just find a better job,youtube,국내,en
​@grayhairs6292and why would he play mmorpg then?,youtube,국내,en
"I guess everyone's an elyos now, or this story is set way back before the races even split into two. also the gameplay is very TERA/B&S, the latter also being one of NCsoft's creations.",youtube,국내,en
"do better, asmo are there",youtube,국내,en
@MASHleZeroSkillPlay but they have no difference from ely,youtube,국내,en
@MASHleZeroSkillPlay so what's the difference? everyone looks pretty,youtube,국내,en
"​@converserso, what's you point? Why do you think there must be a huge difference to be opposite? Why America went to war for independence while there was no difference between them and brits?",youtube,국내,en
"​@rosst2000 You're bringing up weird analogies, but you do agree there are indeed differences but yet you won't answer the question. It's a legit question and yet people are getting upset for some reason.",youtube,국내,en
Ouuuu mamaaaaaa!,youtube,국내,en
Mobile slop,youtube,국내,en
"Yeah, that's it. Millions of bad and stupid players taught devs to make games like that. If ppl eagerly pay for literally everything so why don't milk them.",youtube,국내,en
this,youtube,국내,en
It’s already dead my friend. Aion 2 is some kind of joke,youtube,국내,en
"I wish they did, but im afraid it will not be the case, im not even sure if there's elyos and asmodians, they look the same now",youtube,국내,en
because it will be expansive for europians,youtube,국내,en
Entrance fee = Exchange use     13$ = korea,youtube,국내,en
​@handphone80$ for human players,youtube,국내,en
"@hanskrans8937 it’s not 50. 
You don’t HAVE to buy extra sub and bp.",youtube,국내,en
"@miaou5878 That can be dangerous. Remember that koreans think that 30$ monthly for a game you play every day is ""cheap"", and starting +70 is expensive. They need to change monetization before international release",youtube,국내,en
وللللعت,youtube,국내,ar
"i thought i was tripping, thank you",youtube,국내,en
@handphone faak youuuuuuu,youtube,국내,en
go for Taiwan server first by using gaming VPN,youtube,국내,en
"Ncsoft, there are still people who believe in your work here.
Please be careful with Aion 2 monetization, let’s make it run well for many years.
Aion has been and still is a big part of many people’s lives.
So let’s do things right.
Show all the haters you’re making the best MMORPG out there.",youtube,국내,en
I want our Korean gamer friends to be very serious and honest when it comes to reviewing the full game.,youtube,국내,en
"You are aware they won't do anything about it, right? Ncsoft knows their games fail cause of predatory monetization and updates becoming always more focus on buying power, rather than playing for it",youtube,국내,en
"So excited, can't wait to play! 💜",youtube,국내,en
PLEASE NC SOFT REMOVE THE ABYSS TIMER!! I WANT TO DO PVP IN ABYSS!! REMOVE THE 7 HOUR / WEEK TIMER!! ❤❤❤,youtube,국내,en
"Ncsoft can always come back to old type of BM when every one was happy and it is - you buy game and subscription for 1,3,6,9,12 months with progressively economically effectiveness(for longer you buy less it costs per month)",youtube,국내,en
"Please make from the chanter the power PvP class.
This class is the pearl of the game:3",youtube,국내,en
"they already stated in an investor call that the strategy will be no p2w for some time to gain reputation, then ramp up the p2w once the audience is large.
they said that",youtube,국내,en
We still love Aion. That why we hate NC soft.,youtube,국내,en
Your greed will be your downfall. Wtf are 2 monthly +50 dollar subscriptions ???,youtube,국내,en
很好看,youtube,국내,zh-cn
什么时候开始,youtube,국내,zh-cn
Is it coming world wide or?,youtube,국내,en
global or just in korea?,youtube,국내,en
WHERE IS THE GLOBAL SITE IN ENGLISH? 😭😭😭😭😭,youtube,국내,en
Plz have controller support at launch!!!,youtube,국내,en
Noice English 😊,youtube,국내,en
No P2W please,youtube,국내,en
When is this game coming to EUROPE!? PLEASE!!!!!😢😢😢😢,youtube,국내,en
last hope,youtube,국내,en
"Was that Yustiel, right there?",youtube,국내,en
😮GLOBAL NO😮,youtube,국내,en
if AION 2 is another Throne & Liberty... let's pray together 🙏🏻,youtube,국내,en
MALE VOICE!! VAAAMOOOS!!,youtube,국내,en
waiting for you ,youtube,국내,en
No P2W!!!!,youtube,국내,en
"@tryingtopottery4052 if they could they probably would

the shareholders are in charge, just like any other public company
i hope they can start waking up cause that stock price has been a downfall for a while now",youtube,국내,en
"​@yaitaribecause that's the business model, make an mmo for 300M then p2w it for profit.
except it hasn't been working  as their stock price is a proof of that.
this is the sole reason they might change their business model, that and the new co-CEO",youtube,국내,en
"Come on, NCSoft, prove to the world that you can still bring back the joy and emotions we all felt in the golden days of Aion 1.!",youtube,국내,en
Fix the 2 subs into 1 single sub with a reasonable price and we're talking! <3,youtube,국내,en
nah this is pure P2W game and it have 2 subscription lol,youtube,국내,en
PLEASEEEEEEEEEE both pve and pvp but never forced pvp!! 🙏🏼🙏🏼🙏🏼🙏🏼,youtube,국내,en
"I wish to plead for NCSoft for a little more respect to the global fanbase.
I don't even live in a country where English is the native language (and I recognize the privilege of knowing English and a bit of Spanish, which lets me enjoy almost 100% of the games that get released). I just wanted to be able to understand what's written on the website without having to use a translator that always messes everything up when trying to translate any Eastern ideogram. NCSoft  should have made this global from the start. Aion has fans all over the world. It's not fair.",youtube,국내,en
That's a must,youtube,국내,en
Yea especially west community but because they didn't cover it clearly everyone is going crazy about the membership,youtube,국내,en
PvP >> PvE,youtube,국내,en
P2W worst Pvp ever i ve seen. Dont come Europe with this.,youtube,국내,en
FIX FLIGHT METER; IDIOTS,youtube,국내,en
what you did to this game...pay to auction broker?..i..,youtube,국내,en
incroyable !,youtube,국내,en
AION2 ヘッチャラ！,youtube,국내,ja
"I'll just wait a private server and pay there 5 USD a month then give this guy's my money, why the fuk don't they ask 60-80 USD to buy the game and cosmetics and stuff separately?",youtube,국내,en
"Dear NCSoft,
As a longtime Aion fan, I'm eagerly awaiting Aion 2. However, the absence of trading stalls is disappointing for me and many other players. They were a vital part of the social and economic life in the original game. Stalls created a bustling market atmosphere, encouraged player interaction, and helped us find rare items. Please consider bringing this feature back. It would make the world of Aion 2 feel more alive and engaging. Thank you for your consideration.",youtube,국내,en
Pls make Chanter a good DPS class! He is the pearl of this game!,youtube,국내,en
"add more p2w please, we need more battle passes, you have not learned anything from your mistakes with aggressive monetization",youtube,국내,en
please keep factions of asmodian and elyos!!!!,youtube,국내,en
You're making a big mistake for releasing it first for PC/mobile PC/Console as there's more people with consoles than phones that can launch games like that . Bad marketing choice,youtube,국내,en
good game but only server kr we dont have server global so i dont care now me and my guild,youtube,국내,en
"This will be extreme P2W greedy mobile cashgrab... unfortunately. I loved first Aion after release. It was best game I ever played, but gradually became more and more P2W and color, rainbow, carrot weapon brainrot.",youtube,국내,en
❤ GLOBAL BRAZIL PLEASE ❤7,youtube,국내,en
Private servers will do the right things,youtube,국내,en
after the subscription model the game is doomed on arrival.,youtube,국내,en
NcSoft is GOLDDIGER ;),youtube,국내,en
Когда она выйдет на СНГ?🤔,youtube,국내,ru
"bosses need to deal more damage, make the healer class playable please",youtube,국내,en
Global server without region lock please,youtube,국내,en
Kaisinnel ❤❤❤❤❤❤,youtube,국내,en
Arieluma!,youtube,국내,en
"What version of Unreal engine 5 will game use ?
What's the fps lock ?",youtube,국내,en
"Come on, NCSoft, show the world that you still have what it takes. Bring back the magic and the emotions we felt in the best days of Aion 1. We believe in your potential to make it shine once again.",youtube,국내,en
Cant wait for the western release !!!,youtube,국내,en
True I'm amazed when I first play the game. Nothing can ever replace the feeling on that time.,youtube,국내,en
The west's hype is growing and growing! 🤯,youtube,국내,en
Let's go!! 👌🔥,youtube,국내,en
"they will dance again with so many new MMORPGs after Aion2. 
Project E, Guild Wars 3, and more
NCsoft are always the best creators of virtual worlds.",youtube,국내,en
"""The Last Game of My Life""",youtube,국내,en
"Sad part nothing compare to Aion 1,less pvp",youtube,국내,en
FOR ASMODAE,youtube,국내,en
I cannot understand any of these.,youtube,국내,en
"so many new MMORPGs coming after Aion2. it's not the last chance
Project E, Guild Wars 3, and more
NCsoft are always the best creators of virtual worlds.",youtube,국내,en
"Hi! Can you please tell us, westerners, what is that joke which translates to English as “the younger one was deceived”?
I see it a lot under ncsoft videos from Koreans, but can’t understand 😅",youtube,국내,en
EL hype es real!,youtube,국내,en
true,youtube,국내,en
asin bayraklari,youtube,국내,en
❤ GLOBAL BRAZIL PLEASE ❤9,youtube,국내,en
"Сделайте перевод интерфейса на русский, пожалуйста!)
Обязательно зайду и куплю все подписки!)",youtube,국내,ru
Can’t wait !!!!,youtube,국내,en
"Honestly, you can’t really expect to feel the same way you did with Aion 1, because it’s something that (maybe not for everyone, but for some of us) was there at the very start of our puberty. What I mean is that the emotions we felt back then as kids just aren’t the ones we’ll feel now as adults. You’ll feel nostalgia and other things, but probably not the exact same emotions.

That said, I’m beyond excited and can’t wait to see everything again (my inner child is screaming!) because I’ve seen how much things have improved compared to what was shown at the beginning, and now more than ever I just want time to fly so I can finally play it.

Please, keep putting your heart and passion into it and don’t let us down — at least not so much that history repeats itself ❤🙏🏻",youtube,국내,en
"The biggest mistake you'll make is to throw away all the worldwide hype by releasing it only in Korea again. We're not in 2002 anymore. People install VPNs, play the damn game, and get bored before it even launches.",youtube,국내,en
Have you had any gameplay footage of the mobile version? Another question: how aggressive will p2w be in this game?Obviously it will be p2w.,youtube,국내,en
Avrupa da ne zaman çıkacak,youtube,국내,tr
"НЕ ОТДАВАЙТЕ ИННОВЕ(4GAME) В ЛОКАЛИЗАЦИЮ,МОЛЮ!!!!!!!!!!!!!!!",youtube,국내,ru
wow,youtube,국내,en
Çıkış tarihi ne Zaman,youtube,국내,tr
global please,youtube,국내,en
NC can't fail. they are so good at creating MMORPGs. no other developers worthy of the competition.,youtube,국내,en
Let's go ❤️‍🔥🔥🥰,youtube,국내,en
This is the line of npc in NC's game blade and soul.,youtube,국내,en
@JIHUN-x9p oh i play bns (in english)! which npc said that?,youtube,국내,en
"I played Aion for many years and it marked an unforgettable part of my life. Ncsoft, I believe you can make Aion 2 shine just like the original did in its golden days. Please don’t repeat the same mistakes  let this game win our hearts again!",youtube,국내,en
This game should release global,youtube,국내,en
"Don't ruin the hype by releasing the game only in Korea and then a year later for the rest of the world, it's not 2002 anymore...",youtube,국내,en
It's 3.0 Aion first loading music if I recall correctly. I got goosebumps 😢😢😢😭,youtube,국내,en
It's going to be the absolute highlight of gaming for the MMORPG,youtube,국내,en
"دييييييييييييم 
ولله اشتقنا يا ايون مر 17 سنه",youtube,국내,fa
16M views with only 800 likes and 270 comments? xD,youtube,국내,en
"Ребята из NCsoft, не забывайте про русское комьюнити. У нас очень много фанатов Aion и linage. Все очень ждут релиза Aion. Сделайте хотя бы перевод интерфейса. Обещаю купить батл пасс и все что скажите 😂",youtube,국내,ru
"Супер, очень жду выхода в России",youtube,국내,ru
stick to your words and that's all,youtube,국내,en
"Yes, a lot of players are waiting for Aion 2. It’s a shame that NCsoft isn’t making any effort to translate the content into English, so we have to rely on kind people to help us understand what’s going on. They’re going to make money from the US, EU, and RU player base, so they could at least take a bit better care of us. Still, we’re excited to step into the world of Aion once again—let’s just hope the monetization systems won’t be too aggressive, and that the game will thrill us like the first one did.",youtube,국내,en
Hurray! My heart is beating so hard! I love this music.💓,youtube,국내,en
Remove the Korean phone number requirement to play the game. I’ll play the game even if it’s in Korean until there’s an English patch / translated to English.,youtube,국내,en
"It will middle of next year, just in time for me to collect it enough money for decent pc",youtube,국내,en
I'm german and I loved it in 2009-2010. Just a unique game with one of the best soundtracks to ever exist. It was really sad that the game lost most players end of 2010.,youtube,국내,en
❤🎉  cant't wait release in Germany 😍,youtube,국내,en
"Ncsoft dont make this game a p2w bullshit, otherwise it will end up like all your other game like the OG Aion / blade and soul *poor thing had such potential*....and so many more of your Ips. 
I really hope you learned from your past error and make a great game.
Thanks from an old Aion/Lineage 2 player",youtube,국내,en
You gotta wait till next year to play the NA version but by then rip. Wish they would release both versions of the game at the same time.,youtube,국내,en
they already made many mistakes,youtube,국내,en
will it come to global?,youtube,국내,en
global release 19 November too ?,youtube,국내,en
Korea 😢,youtube,국내,en
maybe its ads,youtube,국내,en
TURKLER NERDESIDNBBIZ,youtube,국내,en
Красиво,youtube,국내,mk
GLOBAL RELEASE AT THE SAME TIME OTHERWISE DEAD GAME,youtube,국내,en
"Yea the problem is it’s gonna be like Throne and Liberty where all the people who already know what they’re doing are gonna play KR then play NA and pretend to be “new players” who are good at the game lol. 

Might as well release it earlier even if it’s in Korean for the time being for everyone. For now you need a Korean number to play the game which is lame.",youtube,국내,en
​@nebojsakelebuda6072also good thing that during korean live they will patch and balance what needs to be fixed.  Which is good,youtube,국내,en
In Korea it is November 19th and globally it is 2026 or 2027.,youtube,국내,en
most disgusting game commercial ever seen.,youtube,국내,en
Nice try but it didnt work well for you.,youtube,국내,en
I`m waiting Lineage 3,youtube,국내,en
Sera-t-il meilleur que le 1er ? Devrons-nous baisser le graphisme au max lors de raid PvP pour atteindre héroïquement les 19 IPS ? Nous le saurons bientôt...,youtube,국내,fr
❤ GLOBAL BRAZIL PLEASE ❤799,youtube,국내,en
Pour Asmodae ! (France),youtube,국내,en
ايون 🔥❣,youtube,국내,fa
"Pay-to-Win kills longevity
Extra dungeon entries, gear boosts, and stat advantages drive players away. PvP-PvE dies if wallet size decides the winner.

Cosmetic-only monetization works
Skins, wings and mounts items are highly desired without breaking balance. Players spend more when it doesn’t hurt fairness.

Aion 1 had the best cosmetic system
Collecting flowers for dyes, re-skinning any armor, and true fashion freedom gave the game identity. If Aion 2 removes or paywalls this, it feels like a downgrade.

Community identity matters
Fashion, housing, and open-world gathering gave players reasons to stay beyond stats. P2W undermines that sense of individuality.

Trust & reputation
NCSoft already struggles with player trust. If Aion 2 repeats the same mistakes, veterans—the core audience—will leave and spread negativity.

PC vs Mobile controls
Aion 2 should be designed around PC-style controls (mouse + keyboard, full skill rotation, camera control), not simplified mobile-style inputs. The depth and precision of gameplay is a core part of the series.


👉 In short: P2W = short-lived hype, fast death. Freedom = loyal community, long life.",youtube,국내,en
Does anyone know if the PS5 is coming out?,youtube,국내,en
"Why not global launch? Its si boring to wait everytime a game is release. We see everything of the game before we can even touch it, so the hype fade.",youtube,국내,en
bro this looks a lot like throne and liberty and thats bad,youtube,국내,en
Aion one love! Origa's voice and this music in my heart! 😍,youtube,국내,en
"@Nanashiraz I don't even live in a country where English is the native language (and I recognize the privilege of knowing English and a bit of Spanish, which lets me enjoy almost 100% of the games that get released). I just wanted to be able to understand what's written on the website without having to use a translator that always messes everything up when trying to translate any Eastern ideogram 🥲. They should have made this global from the start. Aion has fans all over the world. It's not fair. 🥲🥲",youtube,국내,en
Uh no. Its 1.0 theme redone. Look up the 3.0 ost login. Its different,youtube,국내,en
they will make mistakes for the money 🤣,youtube,국내,en
AAAAAAAAAAAAAAAAAAAAAAAAAAAAAAAAAAAAAAAAAAAAAAAAAAAAAAAAAAAAAAAAAAAAAIIIIIIIIIIIIIIIIIIIIIIIIIIIIIOOOOOOOOOOOOOOOOOOOOOOOOOOONNNNNNNNNNNNN! NC DO NOT FAIL US! WE COUNT ON YOU !!!!!          LET THE MOST AMAZING GAMING JOURNEY BEGINNNNNNN!!!!!!,youtube,국내,en
guess we have to buy instant translate meta glasses 😂 ​@ronz_g6022,youtube,국내,en
It would be amazing if you release globally this year insted of only in korea,youtube,국내,en
global release 2025,youtube,국내,en
Global release 🥺❤🌎,youtube,국내,en
Global release?,youtube,국내,en
are we going to see the real gameplay? as all of these videos doesnt actually say anything in fact,youtube,국내,en
It looks like Throne and Liberty 2 . I think Aion 1 was more dynamic when it comes to combat skills wear wasted slower but looked prettier idk I've got mixed feelings with Aion 2 i don't want it to be like Throne and Liberty .,youtube,국내,en
Jesus I can’t wait 😳,youtube,국내,en
just WOAAAAAAAAAAAW !!!!!!!!!!!!!!! ça fait rêver ^^,youtube,국내,fr
"Aion was one of the greatest games until NC got greedy and ruined the game with cash BM P2W. Best PVP game still but no players want to spend thousands to enchant the gears to continue playing. Just GET RID of the P2W aspects of the game and Aion game will be great, even now.  I hope Aion 2 will keep the PVP game play, Keep the UI or similar to many skills it has in current Aion. NC can make so much profit from different skin BM. Weapon skins, armor skins, mounts, wings, etc. You have to have players for game to be fun. I hope Aion 2 does not make the same mistake.",youtube,국내,en
"Please launch it globally this year, not just in Korea. At least try it for once. You'd be truly surprised by the results and profits you'd achieve. For us players, it would be much better to discover it little by little and together than having seen other players' content beforehand 🙏🏻💖",youtube,국내,en
Спасибо за вашу работу! Ждем когда выйдет игра),youtube,국내,ru
Flying system just look terrific!!!,youtube,국내,en
❤GLOBAL PLEASE😢,youtube,국내,en
"wee need arabic in game
plzz",youtube,국내,en
Yes.,youtube,국내,en
English please ;(,youtube,국내,en
AION was a masterpiece. I hope AION 2 it's at the same level. I don't want a game named AION2 that it's not AION 2. AION WAS PERFECT.,youtube,국내,en
"Walk Animation fire, like Cross Arm Stance in Blade & Soul; Walk Feature nice Emotes too right? This works for me. Can’t wait to full dive into game. Legally looks stunning, though no arbitrary data breaching? Also customization is very detailed. How much did all this cost?",youtube,국내,en
"Let people farm drops whenever they want. This game will not last if you don’t do this. 

Don’t add the bad dungeon token system that you guys did in Throne and Liberty. You had to get tokens to get more tokens to farm rare drops.",youtube,국내,en
Please have Turkish language support,youtube,국내,en
Global release in 2025 please,youtube,국내,en
RELEASE DATE?,youtube,국내,en
GOTY CONFIRMED <3,youtube,국내,en
gameplay,youtube,국내,en
3:06  more please,youtube,국내,en
Please make the UI less mobile like and add more skill slots... ><,youtube,국내,en
"I hope there is a Housing System ⬆️, which allows you to customize and decorate your own Manor well.",youtube,국내,en
Global 2025 ❤,youtube,국내,en
"imagine making another shitty p2w game as throne and liberty, while you can watch really good mmo from 2014 = black desert online

idk without “ping glasses” this game looks so fcking bad, no joke, it doesn't matter what the customization looks like or how beautiful the world is when the core mechanics of combat and mobile interface are your main content that makes you want to puke",youtube,국내,en
another mobile game… keroen what’s wrong with you…,youtube,국내,en
"Да-да. Именно так)
Молимся на локализацию",youtube,국내,ru
No entendí nada jajaja😂,youtube,국내,sl
por favor que sea global y que sea de 1 solo pago como gw2... y estoy agradecido con el de arriba y si sale en steam... se los dejo como tunta a los desarrolladores.,youtube,국내,en
"Por eso toda mi vida fui clérigo, que clase hermosa",youtube,국내,pt
1 tank 10 dps 1 healer sounds better,youtube,국내,en
No,youtube,국내,en
Yo usare vpn y lo probare ❤,youtube,국내,en
No chance. Too early in development. It would surprise me if they manage to release in Korea in this year at all.,youtube,국내,en
"@yep8058 It has been confirmed that it will be released this year, and the global service will be released quickly, not much different from the Korean and Taiwanese release dates.",youtube,국내,en
TL 2 and tab targeting omg,youtube,국내,en
pls make english subtitles for your international community.,youtube,국내,en
You have a Western fan base...at least offer subtitling.,youtube,국내,en
If it Will be an international mmorpg why not translation?,youtube,국내,en
its 2025 bro put english subtitles in your videos 🤦🏻‍♂️,youtube,국내,en
"900k views in 3 days.
If this doesn't prove interest in AION 2 then I don't know what does.
Do not mess this up NC. Do not.",youtube,국내,en
Mobile? = P2W,youtube,국내,en
Let's go,youtube,국내,en
The hype is so real! :D - GG NCSOFT!,youtube,국내,en
"PLEASE do English Translation or Subtitels, i dont understand a single word! 😞",youtube,국내,en
Lets go Aion Team !!! You got it!,youtube,국내,en
😢global😅,youtube,국내,en
Çok merakla bekliyorum ❤❤❤❤❤❤,youtube,국내,tr
AION 2 BEST MMORPG EVER CONFIRMED?,youtube,국내,en
Please Make English SUBTITLE!!!,youtube,국내,en
"Dear korean community. Kindly asking you: if you can translate what producer saying about Aion 2 - please, translate it in English. Thank you <3",youtube,국내,en
We need  an official translation for this clip! 😂,youtube,국내,en
MORE AION 2 !!!,youtube,국내,en
"Make the dungeon system better. No tokens and should be able to run as much as you want. Even if the rate drop rate is lower. Don’t time gate the content. Was a huge mistake in Throne and Liberty. 

Make the open world drop system better too. Open world monsters should drop nice loot too.",youtube,국내,en
"Translation:


Hello, I’m Kim Nam-jun, PD for AION 2.
Since our first broadcast, so many of you have shared a wide variety of opinions and comments. Thanks to that, our development team feels an even greater sense of responsibility, and we’re fully focused on development right now.

Today, I wanted to take some time to read through those valuable comments you left after the first broadcast and respond to your voices together. (Wow, that came out a bit awkwardly, didn’t it?)

On the graphics
I’ve seen comments like, “Wow, those graphics are insane. I’m definitely going to have to try this.”
Reading those really makes me happy. I think our art team will be especially thrilled — they’ve been working extremely hard to make everything look beautiful.

We’ve had requests for both Eastern-style and Western-style characters, and even something right in between. Even though it was a tall order, the team worked hard and I think we’ve struck a good balance. Among current MMORPGs, we’re pushing hard to deliver the best graphics possible.

Someone said, “Well, at least the character’s pretty.”
Oh, so just the character? (laughs) Our backgrounds are beautiful too! Not just the characters — the whole world is being crafted with a lot of care. When you actually play, you’ll feel something very different and much better than what you get from just looking at screenshots.

On character designs
I’ve seen comments like, “Female character designs look pretty good.”
During our Focus Group Test, many players also said the male characters looked great. We’ve got a wide variety — some idol-like types, some rugged “man’s man” types. We didn’t know exactly what you’d want, so… we prepared everything.

On skies and environments
There was also a comment about how the surrounding sky and distant scenery were amazing. Since flying is such a big part of the game, we put a lot of effort into the skies and vistas. I’m glad that’s coming through, and I hope you’ll come see it for yourself.

On the gameplay trailer
I’ve seen concerns about the gameplay trailer. Honestly, we didn’t have time to produce a cinematic — we just captured footage directly from the game. Combat clips came from the combat team, background shots from the background team, and so on. What you saw is the real in-game graphics.

I personally think the game looks even better when you’re actually playing. I log in once or twice a day just to mess with the character customization, and every time I’m struck by how good it looks in-game — especially with lighting.

Next time, I plan to show character customization live, so you can see for yourself.

On the UI
Some people have said, “In the next YouTube Live, it would be nice to see actual development screens, including the in-game UI. We can’t trust it since so many mobile games hide this stuff.”
Alright — next live broadcast, we’ll show actual gameplay with the real UI on screen. Consider this the first reveal.

On unrevealed content
We still have so much content we haven’t shown yet. Before the official launch, we’ll keep revealing more through live streams, so I hope you’ll join us for those.

On nostalgic AION memories
One comment said, “I miss the old Rift battles. Traveling through space-time to mess around was so much fun.”
We know that excitement, and we’re making sure you can experience that again in AION 2.

Another person recalled, “The real legend was Dredgion. Over 100 people waiting at the Rift entrance, but only 30 could get in.”
Those kinds of memories and emotions mean a lot to me too, and I want to bring that feeling back. We’re doing our very best.

Reading all these comments directly in front of the camera feels different — it really hits home. I want to let you know we’re sincerely listening to your voices and preparing accordingly.

You’ll be able to see the true face of AION 2 through our live streams before launch, so please look forward to it.
And don’t forget to subscribe to the AION 2 channel and turn on notifications.

Thank you!",youtube,국내,en
yeaaay,youtube,국내,en
Будет ли Аион официально выходить в России???,youtube,국내,ru
One more bla bla bla video!,youtube,국내,en
"Pay to win, jonnah win",youtube,국내,en
Imagine using some subs considering you are gonna globally release this project,youtube,국내,en
aprenda español xD,youtube,국내,es
Шок. Зачем такое выкладывать.,youtube,국내,ru
I get goosebumps listening to the spells and music from the game. I really hope NCSoft gets it right with Aion 2  it's the game that left the biggest mark on my life.,youtube,국내,en
"No matter how bad this ends up being, I know my dumb ass will be there on day 1 because the music and nostalgia from this game has a chokehold on me. 😭😭",youtube,국내,en
The OG theme song... right in the feels 😭🎶,youtube,국내,en
"17 years ago i played aion for the first time, i feel like i am gonna do it again lol",youtube,국내,en
"The music hits hard, tear rolling down.",youtube,국내,en
"This look amazing, i'm glad Aion will be back",youtube,국내,en
NCSOFT PLEASE LEARN FROM YOUR MISTAKES WITH AION 1. DO NOT MONETIZE THIS TO HELL. I PROMISE WE WILL PLAY FOREVER IF YOU KEEP MONETIZATION FAIR!!!!!,youtube,국내,en
"That track in the beginning, brought back memories of may hours spent in the game, instant goosebumps.",youtube,국내,en
99% cinemac 1% gameplay,youtube,국내,en
"Oh man, this will be epic. Been waiting for so long to get Aion 2, hope the European Release will not be awfull, really wish I could get the true korean release here too, back in the days with very slow leveling and exploration of the world, finding all secred areas, invisible platforms you only can see when raining, and so on that was the best time. Not just level to endgame fast. Doing quests, knowing each enemy, each spawn of named mobs, grinding slow, leveling slow. Oh man that was the best time.",youtube,국내,en
Man it took them long enough. I've been waiting for years.,youtube,국내,en
"The game looks beautiful, hope to see more information about global release soon.",youtube,국내,en
"Как же хочется, чтобы NCSOFT смогла выпустить что-то адекватное. Хотелось бы верить...

В итоге,  как я понимаю, трансляция с презентацией уже прошла, и была удалена. Видимо стоит ожидать финальный факап и забвение некогда легендарной компании :)",youtube,국내,ru
"I don't understand korean language so i likely missed a lot of information, but this gameplay looks incredible.",youtube,국내,en
P2W not P2W I don't care... Good bye Throne and Liberty Hello AION 2,youtube,국내,en
"I've read something like it will launch in korea first then we git it later ..
I still dont understand why they always do this and dont make a global launch.. We will know everything about the game and the hype will drop with the waiting time...",youtube,국내,en
"i keep rewatching from start to the part that sorcerer (i think so, or maybe spirit master) casts a the spells. all the music and spell mantra are so nostalgic",youtube,국내,en
"These bosses in the end are gorgeous. Did Elden Ring devs help with that? 
Also, is that a chanter or a gladiator gameplay at 1:44?",youtube,국내,en
OH MY GOD! I waited for a whole decade for this sequel and its finally coming 🙌,youtube,국내,en
"I spent over 8 years on that game , it isn't just any game for me it's part of my life literally.",youtube,국내,en
but now we need a graphic card running by a fusion reactor 😵,youtube,국내,en
Love from Spain :),youtube,국내,en
Used to be Elyos Deyla EU haha... these memories. Rly exciting to try it! <3 Was my 1st big MMORPG and was one of the best!,youtube,국내,en
@MrDoctorProfessorPatch well NC is the only actual MMO developer we have in modern days. everyone else went full single player rpg and survival bs.,youtube,국내,en
"please, please, please, as a very old Aion player, pleaseeeeeeeee, don't ruin it with pay to win, don't ruin it as other mmorpg with gameplay too easy and simple... Pleaseeeeeeeeeeeee I love Aion, I miss Aion, I stopped few years ago because pay to win is a cancer. Please, just respect good old Aion skill and gameplay as 3.0 !!! We want good and fast character, incredible PvP and so nice PvE strat (as Tiamat dungeon) !!!!",youtube,국내,en
"This looks amazing, my best MMO games were always Lineage 2 and Aion so I hope this game will also come out on Xbox series X which I am currently playing on and I will be able to spend thousands of hours in this game with my friends :) ❤❤❤",youtube,국내,en
Не у тебя одного,youtube,국내,uk
i was like no way im touching this shit then they opened with tower of eternity theme and it was over for me i'm afraid. i lost.,youtube,국내,en
"Do not add daily chores and token limit for everything like tnl please, make it pc only 🙏🏻",youtube,국내,en
I've been missing Aion for so many years :'),youtube,국내,en
@farouche8670 ncsoft stated that there will be no auto mechanics and combat will be reactive with dodging etc.,youtube,국내,en
Great for making moovie! I will enjoy it!,youtube,국내,en
"@Ars_Illyrian Well fortunately for you, you didn't miss much so no worries :) Like seriously, they did say this is only the first of many live broadcasts to come and that the game is still in development, but even when all that is put into consideration they barely revealed anything. From the top of my head some noteworthy announcements included 
1. It's going to be playable both on PC and mobile, but they started development on PC and ported that to mobile not the otherway around
2. No auto combat and it will be non-targeted unlike Aion 1, more like how Tera used to be.
3. Flight will be possible in every map, everywhere.
4. Wings and mounts will not be lootboxes, mounts will be farmable from mobs
5. 8 classes from the original game will be available at launch (No idea what the English names for the classes are, never played Aion myself)
6. Game is set 200 years after the events of Aion 1",youtube,국내,en
"May the good lore and world building gods be with you with this one. But jokes aside, this is utterly gorgeous and nostalgia hit hard",youtube,국내,en
Ummm this looks amazing,youtube,국내,en
I'm so excited for a new entry in Aion universe <3 Please don't make us wait too much!,youtube,국내,en
"Ahhhh man... Aion was sooooo fun, the memories i have with it.. sigh.. 😢 i miss those days",youtube,국내,en
"Your not the only one, i am guilty as well haha",youtube,국내,en
"If I hadn't seen ""Aion"" on the thumbnail I would not be able to differentiate it from any other korean mobile or pc game that has come out in the last 5+ years. What the hell happened? There was so much variety in the 00s. Lineage I/II, Ragnarok Online, Maplestory, Archlord, Mabinogi, DFO, Elsword. Now all their games look and play the same. Generic photorealistic UE5 fantasy world and plastic k-pop characters. Is this really what korean players want?",youtube,국내,en
"LET'S GOOOOO!!!! 
Game is looking great, can't wait to play it.",youtube,국내,en
"praying for Aion 2 to be better than the current Aion lmao, the trailer looks too good to be true",youtube,국내,en
@oceyho Don't forget insane p2w.,youtube,국내,en
"разработчики у nc хорошие, но потом приходит отдел продаж и вносит правки",youtube,국내,ru
Nostalgia like crazy.  Too bad they've already confirmed Heavy P2W for Aion 2 :(,youtube,국내,en
pfffffffff quel gachis .......... adieu AION un jeu mobile pour PC..........c'est lamentable,youtube,국내,en
@kRVRKV He was talking about the Aion2 live event that happened just before they posted this video.,youtube,국내,en
Legendary game.,youtube,국내,en
ок,youtube,국내,bg
"Те  времена  прошли  и  больше  не  вернуться.  Современный  игрок  по своей сути полный  казуал =  хочет  всё  сразу  и  как  можно  быстрее. 
Игра  будет  полным  провалом.",youtube,국내,ru
"@DrumBoom Yes, that's exactly what I feel too. It’s such a great feeling!",youtube,국내,en
"@MarkM_ Come on, let’s have some hope! :D",youtube,국내,en
"hermoso 😍😍😍😍😍❤❤❤❤❤❤ estuve en el live sin entender absolutamente nada, pero siempre presente, como te amo aion ❤❤❤",youtube,국내,en
Eu pude sentir o feeling da movimentação dos personagens... vai ser legal.,youtube,국내,pt
The nostalgia hits hard. 🥹,youtube,국내,en
Please bring Hyperion back 🥺and don't choose Gameforge as the European publisher 😬,youtube,국내,en
Aion was one of those MMORPGs I was truly in love with. I really hope they're putting everything into this version,youtube,국내,en
DAYYYYUMM!! ITS FINALLY HAPPENING BOOOOISS!!,youtube,국내,en
aaaah I spent so many years on Aion - Excited to get back into Chanter/Cleric!!,youtube,국내,en
Not me soaking 250 hours into Throne and Liberty within the first few weeks because NC made it 🤣,youtube,국내,en
Facts...,youtube,국내,en
"Don't make it such a grind, either.

Most ppl I played with quit b/c the grind or they got banned for botting as they attempted to alleviate the grind.",youtube,국내,en
"I truly believe that if its a $15-$30 a month ordeal with no pay to win, itll be better off than free to play pay to win.",youtube,국내,en
"With the direction they took the original AION and the mobile-PC development for AION 2, I'm skeptical. I wouldn't hold my breath.",youtube,국내,en
"أفضل تعليق.. شكرًا 
كلامك فيه ذكريات كثيرة بالنسبة لي",youtube,국내,ar
"классно, только просим вас не отдавать это под локализацию innova...",youtube,국내,ru
"I have some bad new for you xD, it's mobile too",youtube,국내,en
"Welcome back Aion!

Please make money only from skins",youtube,국내,en
"Not the way we knew it tho. Its action combat, with dodges, parries and other stuff like a souls like. No PvP like Aion basically was 90% of the day. But I am not gonna lie, the game has awoken some sick memories, especially seeing those bosses and dungeons that also looked absolutely insane.",youtube,국내,en
OMG WE'RE SO BACK.. Now lets see that PvP and Rifting Content,youtube,국내,en
"@Systemnick автобоя не будет, уже подтверждено",youtube,국내,ru
Used to be Elyos Spatalos 2009 how it sounds 😊 bringa me goosebumb hope in 2 years global release 😊,youtube,국내,en
Idk but we got spiritmaster im happy,youtube,국내,en
Probably Chanter i guess from her appearence and her weapon,youtube,국내,en
"@Maserjo 4 or 5th generation nvidia is enough, just turn on DLSS 3/4",youtube,국내,en
Se ve realmente increíble!!!,youtube,국내,es
RIP Chrono odsy,youtube,국내,en
bro they haven't said a word in the entire  video ,youtube,국내,en
"Can't believe I lived long enough to see AION 2. Fellow Asmodians, it's time to spread your wings again, fly through the dark places of the abyss together",youtube,국내,en
"The original soundtrack brings back soooo many memories. Loved Aion 1, can't wait for 2.",youtube,국내,en
I still have my original aluminum disc case for Aion.,youtube,국내,en
"That's ironic. Western MMORPGs recycle the same formula: medieval settings, basic Souls-like combat, and endless green landscapes.",youtube,국내,en
"I love how bad the perfomance is, it looks terrible and people don't realize they're probably using a workstation GPU that cost 8k dollars and it still runs like that lol what gpu do you got? You say that though and people will just say oh its alpha, beta, early access... yeah sure bud whatever helps you sleep at night. Besides that game looks awesome",youtube,국내,en
"Goosebumps! Amazing rework for the best game! Looking forward playing this if I will can, and guys introduce some little p2w elements, I know you will do it anyway, but just a little, else the game will fail again, focus more in cosmetics, with UE5, cosmetics are looking greater than ever.",youtube,국내,en
My heart started racing the moment I heard the music,youtube,국내,en
waiting for someone to reupload this video gamplay with 2 third of trhe screen covered with UI,youtube,국내,en
0:32 abyss is back?,youtube,국내,en
Same!,youtube,국내,en
"I know it won't happen but if they did a AUS server i'd literally cry.

Played on NA on Aion 1 release, still to this day the best pvp mmo ive ever played.",youtube,국내,en
"жду скорейшего выхода!!!!судя по ролику, графика на хорошем сбалансированном уровне.",youtube,국내,ru
La Corée n'est pas le centre du monde !,youtube,국내,fr
literally only gamplay xd wdym,youtube,국내,en
"Графика, огонь! И слышны слова произносимые персонажами из первого айона во время каста заклинаний. Дай Бог, чтоб не испортили боёвку ради кросплатформы. И не отдали игру жадным локализаторам. Любые ММО губят жадность локализатора, и невменяемые патчи под диктовку маркетологов, которые не одну гениальную игру угробили, потому, что разработчики и игроки ближе друг другу по духу чем любой бизнесмен.",youtube,국내,ru
Just amazing !,youtube,국내,en
"@mrdata9823 ya sadly, looks like it's gonna fail already",youtube,국내,en
in my opinion the second greatest mmo in the world after wow,youtube,국내,en
"Does it? It looks half baked in performance, since even in the trailer the game runs rough on some points.",youtube,국내,en
"@oceyho it looks like BnS combat, boss mechanic gonna be insane",youtube,국내,en
"I wonder is there still any conflict between asmo and elyos, hard to say during the trailer, but looks amazing, wanna play it so much",youtube,국내,en
​@macalan4443 Haha I remember Spatalos being Elyos central!,youtube,국내,en
Yes please! But not gameforge please !,youtube,국내,en
"Ca donne envie, la commu FR est hype c'est sur ! Merci NcSoft !",youtube,국내,en
THE MUSIC THE MEMORIES,youtube,국내,en
"This trailer gives me somewhat gw2 vanilla time vibes, dunno why.",youtube,국내,en
be ready to wait 3-5 years for global release,youtube,국내,en
"very very nice, good work guys!",youtube,국내,en
HYPE !!!!!!!!! 👇,youtube,국내,en
"Make it subscription again as you did with Aion 1 when you released it. The game went downhill and became worse and worse the moment you switched to f2p with ingame shops.

Give us the old veteran system, make the subscription 15,90 Euro/month.

Ingameshop for cosmetics only. Means no candies and no shit other than skins.

Most importantly... leave out these shitty minigames. Nobody wants these annoying flashy and sorry for bad lang. SHITTY minigames. We want good FLUID fights. We want dungeons like Dark Poeta with ranking systems for different endbosses.

We want free PvP, open world PvP, Rifts.

We dont want ugly and disgusting korean skins, no unlogical classes like gunner, mech or painter
Like really, whose birdbrain had these ideas???

Don't give gameforge licenzing because Gameforge is the worst publisher on earth.

Just my 2 cents.

I can tell you, if you make f2p and go down the ingame shop p2w meta you aint selling shit, you can go bankrupt for all i care.
 we will stay on private servers and play Aion 1",youtube,국내,en
P2P + Global Release,youtube,국내,en
"Aion, my first love and ignited my love for high fantasy in everything. Please please ncsoft, dont mess this up. If this comes out in NA, i will be there day 1",youtube,국내,en
music brings youth memories we all share here 😢,youtube,국내,en
"NCsoft hope u make game tarjet tab same original aion, and please make with subscription no battle pas and more important in europe don't let gameforce take this, and please don't be silly and make global release, u dont learn about your others games?",youtube,국내,en
this brings back memories!! cant wait to play!,youtube,국내,en
I am very hyped and  scared at the same time that this is gonna be a auto-everything mobile game.,youtube,국내,en
"Boring...pay2win waste of precious time that you cannot buy or get back anyway !! 
Wake up from illusions !",youtube,국내,en
"Please, let Asmodians keep their mane, and give them back the option to have their clawed hands and feet! I've always loved that, and it was such a shame to have had them removed!",youtube,국내,en
"Please please please don't ruin this Game with pay2win like you did on the first Version. I played it for years but then stopped because pay2win got so out of hand, that even players with lots of time could not keep up.",youtube,국내,en
We’re so back ! I want to play chanter again,youtube,국내,en
is this pay to win like they made AION? cuz honestly thats what ruined the game for me.,youtube,국내,en
"The first soundtrack. Ahhh man, instant goosebumps. I really miss this game, my childhood was completed with this game. I was introduced to online games at the age of 10, and the first online I ever played that got me sooo addicted was Aion. I enjoyed the game so much that I pulled an all-nighter most of the time.",youtube,국내,en
"The UI will be important for critic, make sure it looks good",youtube,국내,en
Absolutely breathtaking...thanks for dedicating so much effort into this. I CAN'T WAIT TO PLAY IT!!!!!!!!!!!!!!!!!!!!!,youtube,국내,en
So glad I bought a 5090 last month. 😂,youtube,국내,en
Ik its gonna be pve focused but i think after they see how much people like pvp more(more ppl will stay for pvp cause when u get full gear in pve there is no need to play) so i hope they make like a big pvp update. I still hope we get some type (like arena) pvp. Open world pvp is where aion shined. They shouldve made the game pvp focused. It wouldve been an even bigger succes,youtube,국내,en
Hmmm I'm listening,youtube,국내,en
"Please, DO NOT make a MOBILE version. It always worsens the quality of the game and makes the gameplay primitive.",youtube,국내,en
"Exactly my thought, just don't be greedy and the money will come",youtube,국내,en
Please don't follow the DI path. Can't wait to see the in game footage!,youtube,국내,en
"Chrono Odyssey, Aion 2, what's next, TERA 2 ?",youtube,국내,en
Archeage 2,youtube,국내,en
"@yoshi3706 Ah right, forgot about that one.",youtube,국내,en
"Hope it is how it seems, it looks good, combat is great. Might be hyped actually ❤",youtube,국내,en
"It’s - either a scam, or arguably the most beautiful game in existence of humanity.
I hope it’s the latter.",youtube,국내,en
"LIKE I SAID ON THE PREVIOUS TRAILER, NCSOFT PLEASE HAVE BALLS, PUBLISH IT YOURSELF IN OTHER REGIONS DONT SEEK PUBLISHERS, DO IT LIKE RIOT GAMES!!!!",youtube,국내,en
We are going home,youtube,국내,en
Ojalá lo traiga Amazon games y no gameforge,youtube,국내,es
"2:23 i dont know bro i dont know, for me it looks like throne n liberty or even worse.... plz noooo",youtube,국내,en
1000% play 👍🏻,youtube,국내,en
Incoming heals! Hachabenpa!,youtube,국내,en
"This brings back a lot of nostalgia, please don't mess it up with p2w...",youtube,국내,en
"Throne and p2wer + aion skin, nice scam.",youtube,국내,en
What has NCSoft ever gotten right? They ruin even their good games.,youtube,국내,en
"Are you going to buy EVERY single skin? NO. it is not enough to support the game!
Get real.",youtube,국내,en
If it indeed has horizontal progression games DOA.,youtube,국내,en
"Мобильная ммо на анриале с эльфийками и автобоем будет. Ничего адекватного они не выпустят, потому-что будут делать что проще и что приносит деньги.",youtube,국내,ru
"BRAZILIANS ARE WAITING EASILY FOR THE LAUNCH. OUR AION COMMUNITY IS HUGE. PLEASE DON'T RUIN THE GAME BY INVESTING IN MONTHLY FEES LIKE THE DAEVA PASS, THIS RUINS THE GAME. TRY TO USE ONLY THE BATTLE PASS AND COSMETICS, THIS WILL ALREADY GIVE YOU A LOT OF PROFIT. DAEVA PASS SCARES PLAYERS AWAY. LESS IS MORE.

OS BRASILEIROS AGUARDAO ANCIOSAMENTE PARA O LANÇAMENTO. NOSSA COMUNIDADE AION EH GIGANTE. POR FAVOR NÃO ESTRAGUE O JOGO COLOCANDO MENSALIDADES COMO O DAEVA PASS, ISSO ESTRAGA O JOGO.  TENTE USAR SOMENTE PASSE DE BATALHA E COSMETICOS, ISSO JA DARA MUITO LUCRO. DAEVA PASS ESPANTA OS JOGADORES. MENOS É MAIS.",youtube,국내,pt
"This is exactly what I've been waiting for♥

I can already see myself getting lost in this world for months and maybe even years. Watching this trailer instantly brought back memories of playing the original. It was such a beautiful experience. I think the second one is even better. The visuals are absolutely stunning indeed.",youtube,국내,en
You will wait another few years. Its just a trailer 😂,youtube,국내,en
"It really looks like Throne and Liberty but with Aion flavours (In a good way in terms of graphics), but I hope that the game is not gonna be a copy paste of TnL system and also they wont kill the dynamism/Aggresiv gameplay of the original version...",youtube,국내,en
"Elden Ring MMORPG copy, Elden Ring boss copies, Aion is dead, next...",youtube,국내,en
@Fishingsloth на это они и расчитывали,youtube,국내,ru
only pc game not mobile.  Mobile game = rip game  create pls legendary game like WOW,youtube,국내,en
​@ErisV2how many years it past just...,youtube,국내,en
"Cuando un juego de PC estara en móvil y este seguramente tendra cuatro miseras habilidades para usar, para colmo la mecanica se ve horrible, para nada es libre como en Aion original, animaciones muy largas y inmóviles en las que no puedes moverte libremente o con movilidad mas lenta que un caracol seco, que divertido tiene quitarle todas las mecanicas y jugabilidad a un juego? Entonces que lo hace divertido? La calidad grafica? Que se para movil? No, eso es fugaz y pasajero, lo que realmente engancha gente a los videojuegos no es que sean bonitos, es que sean divertidos mecanicamente aunque la calidad grafica sea nefasta. UN MARIO KART EN AION? ESTAMOS TONTOS? Quien quiere arruinar un juego con estetica de fantasia con un juego de mario kart, en fin este juego no tiene futuro, solo es PVE para el PVP por falta mecanicas y habilidades estas no tendran ningun sentido, ganara el que mejor conexion tenga o el que mejor equipo adquiera, totalmente un P2W. Aion classic fue la esperanza de muchos, y lo estan haciendo muy bien, por que simplemente remasterizar el juego y hacerlo con estos graficos y nuevos mapas? Enserio deben crear otro juego como en la 6.0? Para que? Perder dinero... Perder audiencia...? Es exactamente lo mismo pero con mejores graficos, Habéis vuelto a ilusionar y estafar a la gente, otra vez rompiendo la esencia de Aion, pero manteniendo un poco la estetica como hicieron en la 6.0, Muchas gracias por no escuchar a vuestro publico cuando ellos son los que os mantienen con vida y hacen fluir vuestro dinero. Saludos, Cuídense.",youtube,국내,es
давайте просто изменим направление на ПК.,youtube,국내,bg
"Wouldn’t make sense to bring Hyperion back from a lore perspective, so I doubt it 😬",youtube,국내,en
please don't let it be published by a stupid or greedy publisher in the west x),youtube,국내,en
Its a pc game... was mentioned in thenlive stream.,youtube,국내,en
2 😉​@bexplosion,youtube,국내,en
Supposedly Q2 of 2026. Next month closed beta will start.,youtube,국내,en
Absoluto cine,youtube,국내,en
Looking forward to playing it. Can't wait,youtube,국내,en
"Sunk cost fallacy is the phenomenon whereby a person is reluctant to abandon a strategy or course of action because they have invested heavily in it, even when it is clear that abandonment would be more beneficial",youtube,국내,en
This looks like its going to run like complete crap on even the best machines.,youtube,국내,en
Pro Brasil vai ter,youtube,국내,en
NC Class ...,youtube,국내,en
I need a Lineage 3 looking like this god...,youtube,국내,en
That track at the beginning! 🥹,youtube,국내,en
Вспоминаю сколько лет было потрачено.. Плачу..,youtube,국내,ru
ojala si existe una ciudad pandemonium tenga esa musica de fondo para tener algo que te haga sentir en casa,youtube,국내,en
"I was excited for a moment but then I realized this won't have tab target combat.. :(
Then it's a pass for me.",youtube,국내,en
"nice game,by the time RTX 15090 comes out,early 2045 it will be avaliable :D",youtube,국내,en
滿滿的期待 換來的是滿滿的失望..RF Online Next我來了,youtube,국내,en
could be the best final fantasy ever released,youtube,국내,en
No mass pvp and no tab targeting with real skill involved due to multiple skills? fail!,youtube,국내,en
QUE NOSTALGIA Y ANSIEDAD QUE SALGA YA!!!! gremio latino insta cuando salga,youtube,국내,en
"need money for a pc to play this magestious game
",youtube,국내,en
YES YES YES YES,youtube,국내,en
so nostalgic! im excited :3,youtube,국내,en
nice,youtube,국내,en
I can't wait!! I'm so excited!! Bring back the original aethertapping!!  🤩🤩,youtube,국내,en
I  hope they bring back the 1.0 soundtrack in this game,youtube,국내,en
PLEASE INRO JOO AT THE OST,youtube,국내,en
"Please don't destroy the most important thing about Aion by putting Elyo and Asmos on separate servers. Please don't ruin it

por favor no arruinen lo mas importante de aion , separando los asmos y elyo por servidores separados que eso es lo mas importante del juego",youtube,국내,en
What about the old problem — cheats no animations or “gliding”? Is the game protected in any way against such cheats?,youtube,국내,en
"lemme guess after few months of release the game is dead just like any other mmo
We would like to see some permanent damage effects on the BOSS, like arm gone or cuts in the body.",youtube,국내,en
I remember the first days of aion 1 ❤ And now i have the hope that aion2 gives me the same felling 🙏🏼🙏🏼🙏🏼,youtube,국내,en
Avete fatto fallire aion mandando via tantissimi giocatori,youtube,국내,en
please bring back song weaver LOL,youtube,국내,en
The pay2win is going to be insanely crazy im sure. Please enjoy it while you can guys when it finally comes.,youtube,국내,en
To think its been 17 years already...,youtube,국내,en
Okay see me in PVP.,youtube,국내,en
"You have a beautiful world. I hope you learn from past mistakes, or you'll continue to waste it. I hope you ask yourself these questions: What did we do that left no players? Instead of forcing every language to be downloaded, languages can be downloaded later. You've probably seen how other games make money with artistic cosmetic content after the game is ready. AI can be used for languages with few users; it's better than nothing. Instead of deleting beautiful maps, you can distribute people on old maps with events. You already have beautiful art design. For example, someone who enters game just to look at them might see a higher level player and want to stay. There are many more things like this, and you should consider them. I hope everything goes well. I wish you success.",youtube,국내,en
Ждем выход игры в России 😍😍😍😍😍,youtube,국내,ru
"holy moly if it even looks half as good as this, I'm done. IT LOOKS SOOO GOOD. And it looks like a different story which I'm fine with. I hope they keep some of the gear though, I really like the endgame gear",youtube,국내,en
se ve hermoso.,youtube,국내,en
I wish MMORPGS weren't ruined by P2W.,youtube,국내,en
"Playing Aion in 2009 was the best thing ever! The PvP was insane back then. I hope Aion 2 will have the same systems and adds more amazing features! I can't wait to play Aion 2 ❤‍🔥
NO P2W . . .",youtube,국내,en
ENGLISH POSTERS UPVOTE THIS. NO P2W!,youtube,국내,en
"Please don’t ruin Aion’s name with Aion 2. Do a good job, and don’t change Aion’s original combat. I hope you’re truly making an Aion game — not just using its name.",youtube,국내,en
Please be good please be good please be good please be good please be good,youtube,국내,en
"It's a shame that Aion's legacy won't be continued as a PvP game — instead, they'll be focusing on PvE.",youtube,국내,en
I've been waiting for you for 10 years,youtube,국내,en
"We are really looking forward to it. You killed the current Aion and Aion Classic. We hope that Aion 2 will be worthy. We need a good base to start with. Mechanics and calculations of character movement, battles, combat. Collection, crafting, dungeons. We really need interesting dungeons. Mechanics that will unite players, and not quarrel them. We want a classic tank-dd-healer system. In the current Aion, a tank is not needed in a dungeon, and healers go to dd.",youtube,국내,en
"At first glance, this does not look like the original Aion style.",youtube,국내,en
"FIND A GOOD WAY OF MONITIZATION, PLEASE NO CASHGRAB. I WILL GIVE YOU MY MONEY, BUT NOT FOR ENHANCEMENT MATERIAL AND BOOSTERS, BUT INSTEAD FOR SOMETHING ELSE, LIKE COSMETICS, AND WHY NOT PAY TO PLAY INSTED OF  PAY TO WIN THATS ANOTHER PATH AS WELL. YOU CAN BE MORE CREATIVE GUYS, I WANT THIS TO BE THE BEST MMORPG IN FUTURE HISTORY! NC TEAM YOU CAN DO IT THIS TIME PLEASEEEEE! <3",youtube,국내,en
Nc soft !!!!! Please don’t mess it up again ! Please please please 🙏,youtube,국내,en
Copium level max,youtube,국내,en
I can't wait!!!! I played Aion from 2012 to 2019!,youtube,국내,en
this combat from aion 1 cant survive in modern mmo era so they need change it!,youtube,국내,en
please dont mess this up guys…,youtube,국내,en
The graphic looks so good. I can't imagine that I could play with those dense graphic qualities on my phone. I can't wait!,youtube,국내,en
"RU комьюнити очень ждет тот самый ламповый Айончик из 2009г., такой чтобы прямо снова на года, просто с обновленной крутой графикой, не мобильный, без автобоя и дисбалансного доната. Можно таргет, можно нон таргет.. Можно по подписке, можно разовой покупкой. Всё равно будем ждать, только пожалуйста не повторяйте ошибок TL и не делайте из Aion 2 ещё одну L2M. Вам всего хорошего, здоровья, удачи, ждем новостей и стримчанский конечно же.))",youtube,국내,ru
Worst developer ever. We'll watch and enjoy how it fails.,youtube,국내,en
"They can change the combat for good.
I hope the devs really make it a PC first game. Not a mobile port to PC. This IP has incredible potential.",youtube,국내,en
"no p2w... in korean mmorpg... bro, ur copium is 2 much",youtube,국내,en
This music give me shill 😻😻😻,youtube,국내,en
AION2 IS REAL!!🗣🗣🗣,youtube,국내,en
Forget your phone,youtube,국내,en
Now you have a great chance to make things right...I hope you won't mess it up this time. Cheers!,youtube,국내,en
"Надеюсь, это будет действительно aion, как в былые времена, который приносил невероятное удовольствие,  а не вот эта мобильная пакость, которые проваливаются одна за другой, вообще смысла не вижу делать мморпг старой школы на телефонах",youtube,국내,ru
"Мы как РУ комьюнити Айона будем ждать стрим 29 числа на нашем канале. Так же уже своё мнение выложили в виде видео =)
АЙОН 😍",youtube,국내,ru
Absolutely. They're going to p2w again.,youtube,국내,en
"Yo solo quiero volver a ser feliz en Katalam y Tiamaranta, no pido mucho :v",youtube,국내,en
"They already said the game will have pw2, Kanon interviewed them. 2nd the game will probably be a mix bewtween mobile elements and PC/console. So in conclusion, it will not be at all like our beloved OG Aion back in the day.",youtube,국내,en
make it just for PC and we fine. make it for consoles and mobiles and get another fail game like TL,youtube,국내,en
"ok , but can it only be played in korea in 2025? is there any other way for me to play it, being from Romania? I'm interested in the Android version to play it now from 2025 in Romania. What do I have to do? (for example, enter the servers in korea or put it in korean or what. I'll do anything! I accept any option!",youtube,국내,en
"P2W & mobile? If it's true, it's a hard pass from me. Typical Korean games. 🙄",youtube,국내,en
ils ne savent pas écoutez ce que leur demande les anciens jouer d'Aion,youtube,국내,fr
"This is your only chance, please don't miss it.",youtube,국내,en
Nah ... NC has been done .... for long time already.,youtube,국내,en
Please! We need a global server or NA! PLEASE I beg to you🙏🏻,youtube,국내,en
"I hope they keep classes as they were in aion 1.0,i dont like this fluid class shit",youtube,국내,en
Only skin inshop please. No random no predatory p2w if you want to suceed,youtube,국내,en
Aion's BGM is what made it my favorite MMORPG of all time. It's just magnificent. I really hope they do a great job with Aion 2 😢,youtube,국내,en
😮globalizaçao global❤,youtube,국내,hr
is it pc only or mobile support?,youtube,국내,en
"you dont know exactly,if I remember right,they said there wont be factions anymore,but here we are.",youtube,국내,en
"@paultornean8453 
I hope that after the success of Aion Classic in Korea and the failure of Throne and Liberty, they went back to the drawing board and changed some of the concepts, and that's why there has been no new information for the past six years.",youtube,국내,en
"I really don't care at all, but at least they need to balance pvp and pve. Example: aion without open pvp areas is not aion... The old and good pvpve. They need to keep this.",youtube,국내,en
Tbh i couldn't be happier. I only had bad experiences in aions pvp. The world and lore (and the flight of course) were what made me fall in love with it <3,youtube,국내,en
"I was an Archer in Aion and I met an Assassin name Becca. She didn't play any game other then Aion and I fell in love with her. She had been burnt and survived a fire irl growing up where she lost her twin sister. She has burn marks all over her body and face, but I thought she was so beautiful all the same. But the loss was to great and she died from an Overdose doing drugs 2 years after I met her. I miss her very much and I love her to this day. I will be playing Aion 2 in honor of her memory, the game we both loved and the game where we met. I miss you very much Becca. Rest in peace my love.",youtube,국내,en
"So aqui ja temos 464 mil pessoas que estao esperando esse jogo , nao nos desaponte NC , nao importo de pagar 100 dolares no jogo , mas o jogo deve ser igual para todos!",youtube,국내,en
Go global release ⚡💯,youtube,국내,en
Pay 2 Win Game,youtube,국내,en
please keep tab targeting!,youtube,국내,en
Is this going to be a flop? I'm kinda excited about this.,youtube,국내,en
Ncsoft please make Lineage 3 old school monthly subscription no micro transactions,youtube,국내,en
Hopefully Gameforge won't be the publisher for the European region,youtube,국내,en
"You took your sweet sweet time to finally give us that ""Aion Vision"" you promise 15 years ago ❤",youtube,국내,en
I love the amount of 0% trust in NC Koreans have in the comments.,youtube,국내,en
"I have so many fond memories of playing melee and flying towards a ranged class in the OG abyss getting ""target is too far"" messages while right on top of them and raging. 😂 Good times.",youtube,국내,en
No p2w or we dont come,youtube,국내,en
Omg looks so good???!!!!❤❤❤,youtube,국내,en
OMG ! This is Real. My favorite MMORPG  ❤❤❤  Lo estoy esperando con muchas ganas!  ❤ South America  server PLS ! ❤,youtube,국내,en
please no mobile UI.  We need true pc game!,youtube,국내,en
"En cuánto salga este juego, lo jugaré desde el momento en que este disponible!!!
Me a dado directamente en el fondo de la nostalgia, que recuerdos!!! >.<",youtube,국내,es
Read comment ! All region of world are waiting for this game !!! Dont miss your chance !,youtube,국내,en
"Aion (4.5 version) was my favorite mmorpg ever, please ncshit dont ruin it deleting maps and ruining the campaign by deleting things like you did with 4.8 and 6.2 update 🤢",youtube,국내,en
Bro it's been 15 years. It can't stay the same graphically. But It can stay almost same on gameplay aspect,youtube,국내,en
i really hope its not mobile port to PC :/,youtube,국내,en
"yo igual, por ahora no me quedo mas que jugar en euroaion, para poder jugar en esos mapas",youtube,국내,en
ХОТЬ бЫ нЕ МОЛЬНЫЙ ШЛАКК!,youtube,국내,bg
No auto play NC Soft. Make the game more like a PC level experience in mobile,youtube,국내,en
лучшая игра была вов,youtube,국내,ru
Yesssssssss🎉🎉,youtube,국내,en
"Дорогие НСсофт. Русскоязычные поклонники Ваших ММОРПГ с некоторых пор (последние лет 8) называют вашу компанию ""Компанией, которая когда-то действительно умела делать игры"". Увлёкшись примитивными, майнстримами, отдав свои проекты на откуп эффективным менеджерам, вы забыли что такое делать игры. Всё что вы делали последние годы - это пытались реплицировать/реанимировать Линейдж 2 и её успех, во всех позах камасутры (простите) производя тонны мобильного шлака, пардонтес, извиняюсь, не так выражаюсь - ""кроссплатформенных игр"" (так правильно?) что ваши преданные фанаты уже давно перестали в Вас верить. Что закономерно сказывается на Ваших доходах. И я вам сейчас Америку открою наверное, но увеличение монетизационной нагрузки не сделает ""средний чек"" больше, а ваши доходы выше.
Лично я уже ни на что не надеюсь, но хотя бы не трогайте своими грязными руками мою любимую игру - Айон. Не превращайте и её в говномобилку где донат в донате, а в донате рандом, а сверху гача в гаче, верхом на гаче.  Красивая картинка и музыка, вызывающая отклик в сердцах игроков - совершенно грязный ход. Особенно после того, что сделали  Nrtmarble c RF Online. Позор. Не хочу такой судьбы Айону.  Остановитесь. Не забивайте в крышку своего гроба ещё один гвоздь. Или TL вам было не достаточно?",youtube,국내,ru
and please no panda candies and car mounts,youtube,국내,en
They literally showed nothing and what looks good? 🤣🤣,youtube,국내,en
"toutes ces musiques me rappel tellement de bon souvenir, jusqu'à ce qu'ils décident de retiré des cartes et détruise le jeu de plus en plus, quand on pense que sur l'officiel ils ont meme enlever les Abysses 😢",youtube,국내,fr
it ll be p2w,youtube,국내,en
Please focus on PvP 😢,youtube,국내,en
"For all I know, Both would be supported like the Kenshin Impact or ZZZ",youtube,국내,en
"It's NCsoft, they are litearlly unable to not make a p2w game after 2015",youtube,국내,en
"Why I love Aion2 ?. It's because of there's my favorite class: Spirit Master (The Summoner). He could summon 4 types (Fire, Water, Earth and Wind) of ""powerful damage summons"" beasts to help us in combat. At the same time we could attack using different elemental castings. I'm a wide mobile player and thank you love Aion 2. ❤️🙏",youtube,국내,en
"Its funny to read all these negative comments, while Aion is one of the most played games in KR, top 10 i guess... funny guys.",youtube,국내,en
cant wait,youtube,국내,en
türkçe yayınlayın la,youtube,국내,tr
The World want a new Aion like the 1 before Balaurea release ! the war between Elyos and Asmo with more balance !,youtube,국내,en
Mobile or just pc ?,youtube,국내,en
"They must bring old school vibe in to mmos genre hard core grind, hard to lvelup clases, races, profesions open world pvp with gw2 goat combat and more now you have like max lvl in day 1 almost no pvp same daylis and cop dungeons over and over again",youtube,국내,en
Make Aion great again 💯,youtube,국내,en
come on start the stream cuh,youtube,국내,en
"Hola ya queda menos, jugare con ping alto pero me preparare cuando llegue aca a america, serq genial volver a jugar aion",youtube,국내,en
Throne and Liberty 2,youtube,국내,en
It better not be like other games that have a mobile version where it wants to auto do everything for you...I hate that and quit right away when games do that.  I played Aion from 2009 to 2016 and I just hope this is good for as long as we have waited for this.,youtube,국내,en
Please NC! PLEASE! 🤩,youtube,국내,en
"I hope we get to twink pvp like the good old days. No matter what you guys say at the comment section, i havent been excited for a game release since i was 15",youtube,국내,en
i am crying mofo!!!!!!!!!!!!!!!!! i am crying!!!!!!!!! this is soooooooo beautiful and emotional!,youtube,국내,en
no not MOVE ON.,youtube,국내,en
Hope nc learn not to kill this 1  with p2w,youtube,국내,en
no te entendi ni verga no se ingles,youtube,국내,en
"Вау, неожиданно приятная новость😊😊",youtube,국내,ru
This game will last 3 months then it will die,youtube,국내,en
"I hope it's not like throne and liberty. I haven't played aion, so I don't know what's that like. But I really hope this turns out to be good and I would like it. Hope it has better controller support too, coz I can't play games without a controller.",youtube,국내,en
Need News Lineage 3 and Guild Wars 3 Come On  NC SOFT,youtube,국내,en
The biggest upgrade: Daevas can swim!,youtube,국내,en
"esperon qu'ils ne nous fassent pas un aion pourri comme ils ont fait avec le aion classic, qui au final n'est pas du tout un aion classic. Et qu'ils ne fassent pas non plus un aion comme l'officiel que l'on connais aujourd'hui! prenez exemple sur certain serveur privé qui eux on su garder le jeu plus pres du aion qu'on a connu. Vous n'avez qu'a prendre exemple sur EuroAion un , et peut etre meme le meilleur serveur privé",youtube,국내,fr
"I'm a french guy who managed to play first Aion KR beta and then spent years enjoying the game when it came in europe. I tried Aion Classic at launch but all  I could see was not a gift to the fans but a ""melancoly cash graber"", so ... NC... I think the future of Aion is in your hands, if you treat your playerbase with respect, you win... otherwise, you'll just get money at launch and then your game will quickly die. (p.s : and stop with your stupid ""big heads"" skins & all of that, it makes your game universe look like a circus..just give people some badass looking' gear ;) )",youtube,국내,en
Dude if this is even 1/2 as good as Aion 1.0 was I WILL THROW MONEY AT THIS FRICKIN THING,youtube,국내,en
Ncsoft 😂😂😂 no thanks 😂😂😂,youtube,국내,en
gameplay please,youtube,국내,en
HYYYYYYYYYYYYYYYYYYYYYYPEEEE!!!!!!!!!!!!!!!!!!!!!,youtube,국내,en
"I played Aion 1 back in the day since the beta and I loved it, to this day it remains one of my favorite games with many dear memories. The classic Aion 1, that is, when we still had the monthly subscription model and when game quality was still the main focus for the developers. Considering what an atrocious shallow cash grab game NCSoft and Gameforge made out of Aion 1 over time, starting once they made it free-to-play, I'll be very cautious with Aion 2.",youtube,국내,en
This is old Aion music is amazing!,youtube,국내,en
"I love Aion, my lovely mmorpg, but pay to win is badly.",youtube,국내,en
"PC MMORPG please, please no mobile, dont ruin our memories",youtube,국내,en
EU version?,youtube,국내,en
Lostark never die,youtube,국내,en
OK  TT,youtube,국내,en
@SHYWo_o ㅋㅋㅋㅋㅋㅋㅋㅋㅋㅋㅋ,youtube,국내,pt
globalização GLOBAL ,youtube,국내,pt
Young Shandi ❤,youtube,국내,en
onstove is zzzzzzzzzzzzzzzzzzzzzzzzzzzzzz,youtube,국내,en
Rip loa pc,youtube,국내,en
1 billion % i'm so playing this,youtube,국내,en
Global Launch now!!!!!,youtube,국내,en
"this is underwhelming, was expecting mobile to be somewhat new not recycle stuff from PC.",youtube,국내,en
WOW,youtube,국내,en
Now I can auto my Guardian Raids.,youtube,국내,en
Will there ever be global release for this game? Gamers across the regions are waiting,youtube,국내,en
Ayaya with katana... LET'S GOOO !!!,youtube,국내,en
ONLY IN KOREA?,youtube,국내,en
finally a mobile game that will respect my time........,youtube,국내,en
too many weirdos playing this game that this appeals to unfortunately. been hoping for male assassin or samurai class forever,youtube,국내,en
Please don't add auto play or auto combat,youtube,국내,en
Yes global open,youtube,국내,en
For the love of god please make a samurai class that is not a specialist,youtube,국내,en
This some sort of an early April Fools?...,youtube,국내,en
When the devs heard that there was a Samurai class needed using Martial Artist’s model they probably just heard the “Artist” part and accidentally slapped it on her instead 😂,youtube,국내,en
AYAYA BLADER? GOOD LORD,youtube,국내,en
Just don't make it the auto playing sh*t they make nowadays,youtube,국내,en
I wish i can read korean. I only know oppa gangnam style. Heyyyy sexy leydeeehh,youtube,국내,en
Exciting! When is Open Beta,youtube,국내,en
Yeah,youtube,국내,en
Is this some out of season April fools joke?,youtube,국내,en
The English comment your looking for.,youtube,국내,en
2026 global release? 🤧🤧🤧🤧,youtube,국내,en
I actualy like the idea of little Ayaya Samurai class. In contrast to her samll size the blade will look huge. I just hope we will get it on PC ver. too. I dont have the best phone to play it mobile :(,youtube,국내,en
Not a fkn specialist with dual blades.,youtube,국내,en
they'll never realease a samurai class because of the past history,youtube,국내,en
"The game looks awesome, but at the same time it feels boring. They never focus on PvP or guild wars to create real hype within the player community.",youtube,국내,en
🤢🤮💩🤡flop,youtube,국내,en
game dead?,youtube,국내,en
Lost ark SEA when ?,youtube,국내,en
please global & SEA too,youtube,국내,en
OMG when it comes ?,youtube,국내,en
I can't wait 😍😍,youtube,국내,en
Dont make it too long. There will be another game good than u,youtube,국내,en
I will play this because there is a Katana wielder. Wonder when it comes out .,youtube,국내,en
Let's invite pets and companions 🥹🥹,youtube,국내,en
Ждём!! Надеюсь будет интересно!!,youtube,국내,ru
Global!,youtube,국내,en
Do the English version alongside and make this globul,youtube,국내,en
Que venha pra gente,youtube,국내,en
Loli with Katana wtf,youtube,국내,en
AYAYARAI,youtube,국내,en
Samurayaya,youtube,국내,en
watdahelll,youtube,국내,en
the mobile will explosed at the first quest maybe in queue,youtube,국내,en
SBSS,youtube,국내,en
"Fucking cash grab, as if you weren't already squeezing the money out of everyone's wallet to begin with. Do you think this profit will funnel to the main game? No, like every other fucking mmo phone game it's just to make you cash cows and divert development time away from the main game.",youtube,국내,en
new main apenas,youtube,국내,en
this is what a 7/8  -1 support lobby looks like,youtube,국내,en
"Garbage mobile port has a hot samurai and actual game doesn`t, nice",youtube,국내,en
time to cry under shower while honing,youtube,국내,en
@254trojan ty for proving my point,youtube,국내,en
woooow man,youtube,국내,en
I hope we can cross our data...,youtube,국내,en
what is lyn blade dancer doing in LAO,youtube,국내,en
cool...,youtube,국내,en
Trash,youtube,국내,en
"If this was developed on UE 4, then there's copium for the UE 4 PC update",youtube,국내,en
TIME IS RUNNING. REPENT YOUR SINS TO OUR GOD FATHER JESUS CHRIST AND HE WILL SAVE YOU AND HEAL YOU AND RESTORE YOU.,youtube,국내,en
"@leosilveira1594 BDO has Ninjas and Korean ""samurai"" it's not unlikely",youtube,국내,en
Samurai ayaya?!,youtube,국내,en
new class ayaya,youtube,국내,en
"My dude, have you played lost ark? Stop money-crazed games. Lost ark is the definition of one",youtube,국내,en
"I hope this come to LA on PC lol. 
Samurai / Katana lover's.",youtube,국내,en
Sheeesh,youtube,국내,en
🏦TOPOGRAFICO🏦,youtube,국내,en
"1 year already, what happen?",youtube,국내,en
"Hello, do you know any news about the game? We are in the month of October, thank you very much. 😊",youtube,국내,en
this realy for mobile?,youtube,국내,en
"I'm in love, oh I'm talking about the Katana Loli not LOA Mobile",youtube,국내,en
qwer in mobile  version i cant find in phone qwer,youtube,국내,en
Lostark mobile~! We are so exited about this game!,youtube,국내,en
Toooop 👏🏻👏🏻👏🏻,youtube,국내,en
I love Morai Ruins.,youtube,국내,en
"Yesss, let's goooooo",youtube,국내,en
"hey corean bros, what's the feedback about the game so far?",youtube,국내,en
mas lolis gg con esta wea,youtube,국내,en
"@born2rave270 you haven't played a real p2w games. Take a look at KMS Maplestory or Lineage. Lost ark can be seen as money-crazed game, but to Koreans, it's not compared to western gamers.",youtube,국내,en
I hope they lose money on this.,youtube,국내,en
she literally looks 8..... FBI OPEN TF UP,youtube,국내,en
😊GLOBAL PLEASE😀,youtube,국내,en
CHORA NÃO PC ,youtube,국내,pt
*it looks better lol*,youtube,국내,en
"Good review, bro, but sorry, I'd like to take a small clip of the video, thank you🙏",youtube,국내,en
Is there any trading house in this mobile version?,youtube,국내,en
Yes,youtube,국내,en
I want that class over at official servers. Fingers crossed 🤞,youtube,국내,en
wow a blade and soul class nice,youtube,국내,en
🔥ola boa noite dia tarde🔥,youtube,국내,en
🔥ai ai ai ui ui ui 🔥,youtube,국내,en
Очень красиво,youtube,국내,uk
Please release it global or put some English translation,youtube,국내,en
BR,youtube,국내,en
please release a Nintendo Switch (2?) version!!,youtube,국내,en
"wooow pretty cool new bosses but you can play only if you a korea people, if you not a korea people what you can do just watch people playing.",youtube,국내,en
Блять а почему вы такое на пк версии не хотите сделать а?,youtube,국내,ru
G1 kazaros ?,youtube,국내,en
wait what ??? how you dont have dis in PC version ???,youtube,국내,en
Global ??,youtube,국내,en
😢GLOBAL❤,youtube,국내,en
worldwide release pls! stop do the Korea shit stop scare people not gonna play if you open it only in korea ofc it not enough money to keep continue! stop doing that the world is bigger then korea,youtube,국내,en
This is the sim?,youtube,국내,en
make it together = you can play this ass game only if you are korea.. yeppp cuz the korea market is sooooo big! they can just service on it own 51.71 million and 8.062 billion think more fucking game company ass,youtube,국내,en
"No,  make it fast, pls",youtube,국내,en
😢PLEASE❤,youtube,국내,en
Ffs release it global too.,youtube,국내,en
Still not released in kr,youtube,국내,en
Loskark Never Die,youtube,국내,en
Im playing the game on pc and this trailer made me wanna move to korea just to play this on phone 😂,youtube,국내,en
"smilegate rpg is indeed a joke. travel the same road to failure that blade n soul took, so smart.",youtube,국내,en
hmm better than pc glad i'm quit on pc for 2 years and i think i can continue with lost ark mobile,youtube,국내,en
Lets Goooo,youtube,국내,en
"this isnt lost ark, atleast not what we have in west. its different, style, effect. outside world. went to check few areas, theyre entirely different. characters are done with ai, or with assist, souless. if thats what mobiles games are today, glad im not playing them.",youtube,국내,en
"a trailer with no gameplay, lost ark is dead",youtube,국내,en
Il faudrait que ce soit LA2 sur pc..,youtube,국내,en
Please someone tell the name of the song,youtube,국내,en
I will never play this on Mobile.,youtube,국내,en
just another gacha mmo,youtube,국내,en
Hope the mobile version makes u to progress through the old raids. Would be fun to revisit them. From T1 to T4. But without the unpopular g1s.,youtube,국내,en
هتكسر الدنيا على الموبايل اللعبه,youtube,국내,ar
lets gooooooo  plz don't make same mistakes you made in original PC LostArk 🙏,youtube,국내,en
